ID,Names,City
1,Name1,New York
2,Name2,Los Angeles
3,Name3,Chicago
4,Name4,Houston
5,Name5,Phoenix
6,Name6,Philadelphia
7,Name7,San Antonio
8,Name8,San Diego
9,Name9,Dallas
10,Name10,San Jose
11,Name11,New York
12,Name12,Los Angeles
13,Name13,Chicago
14,Name14,Houston
15,Name15,Phoenix
16,Name16,Philadelphia
17,Name17,San Antonio
18,Name18,San Diego
19,Name19,Dallas
20,Name20,San Jose
21,Name21,New York
22,Name22,Los Angeles
23,Name23,Chicago
24,Name24,Houston
25,Name25,Phoenix
26,Name26,Philadelphia
27,Name27,San Antonio
28,Name28,San Diego
29,Name29,Dallas
30,Name30,San Jose
31,Name31,New York
32,Name32,Los Angeles
33,Name33,Chicago
34,Name34,Houston
35,Name35,Phoenix
36,Name36,Philadelphia
37,Name37,San Antonio
38,Name38,San Diego
39,Name39,Dallas
40,Name40,San Jose
41,Name41,New York
42,Name42,Los Angeles
43,Name43,Chicago
44,Name44,Houston
45,Name45,Phoenix
46,Name46,Philadelphia
47,Name47,San Antonio
48,Name48,San Diego
49,Name49,Dallas
50,Name50,San Jose
51,Name51,New York
52,Name52,Los Angeles
53,Name53,Chicago
54,Name54,Houston
55,Name55,Phoenix
56,Name56,Philadelphia
57,Name57,San Antonio
58,Name58,San Diego
59,Name59,Dallas
60,Name60,San Jose
61,Name61,New York
62,Name62,Los Angeles
63,Name63,Chicago
64,Name64,Houston
65,Name65,Phoenix
66,Name66,Philadelphia
67,Name67,San Anto
